latitude,longitude
24.4143051,118.2823342
24.4145255,118.2830243
24.4145472,118.2831071
24.414564,118.2832106
24.4145808,118.2833597
24.4146639,118.2844749
24.4146637,118.2845606
24.4146404,118.2846437
24.4146025,118.2847054
24.4145302,118.284752
24.414458,118.2847987
24.4143643,118.2848958
24.4137211,118.2857834
24.413694,118.2858401
24.4136571,118.2859638
24.4135045,118.2865807
24.4309943,118.3213344
24.4308104,118.3206187
24.4308066,118.3205713
24.4109004,118.2998579
24.4115058,118.300503
24.4120178,118.3010486
24.4123861,118.3014403
24.4135423,118.30267
24.4137378,118.3029192
24.4140135,118.3033913
24.4141184,118.3035929
24.4144638,118.3041753
24.4145999,118.3044047
24.4904782,118.4104121
24.4897242,118.4115537
24.4895397,118.4118329
24.4894403,118.4119834
24.4890793,118.41253
24.4298182,118.3415275
24.4301885,118.342244
24.4312148,118.343845
24.431516,118.344248
24.4323498,118.3454139
24.4441419,118.3762655
24.4442163,118.3765318
24.4442293,118.3765782
24.4443809,118.3771672
24.4444097,118.3773785
24.4444301,118.3775667
24.4444322,118.3777077
24.4444237,118.3778644
24.4443998,118.3780387
24.4440572,118.379772
24.4436722,118.3823772
24.4436495,118.3826937
24.443424,118.3879898
24.4434124,118.3882632
24.4323858,118.324539
24.4324126,118.3246499
24.4327762,118.3262724
24.4327858,118.3263427
24.432738,118.3269656
24.4326794,118.3278214
24.4326643,118.328042
24.4328,118.3290802
24.4328065,118.3292981
24.4324579,118.3303898
24.4323531,118.3308867
24.4317388,118.3313762
24.4312049,118.3319994
24.4311472,118.3322114
24.4308489,118.3333067
24.4308642,118.3338189
24.4308712,118.334052
24.4300503,118.3378243
24.4300257,118.3379374
24.4299341,118.3390153
24.4298029,118.3405606
24.4297775,118.3408601
24.4706665,118.2938095
24.4709282,118.2940839
24.4713564,118.2951033
24.4720701,118.2968544
24.4722905,118.2981106
24.4724116,118.2988005
24.4724416,118.2991284
24.4726552,118.3014663
24.4728014,118.3037948
24.473118,118.3046726
24.4738586,118.3059199
24.4746965,118.307879
24.4751587,118.309057
24.4247841,118.4344914
24.4275656,118.4307049
24.4486238,118.4219807
24.4486125,118.4218564
24.4485336,118.4217665
24.448445,118.4217463
24.4483592,118.4217778
24.4482996,118.4218525
24.4482823,118.4219501
24.448327,118.4220646
24.4484267,118.4221242
24.448551,118.4220951
24.4647009,118.4366215
24.4632674,118.4354067
24.4626876,118.4349146
24.4590302,118.4318104
24.4561507,118.4292479
24.4540941,118.4276368
24.4517736,118.4255701
24.4169213,118.2866916
24.4167709,118.2865461
24.4162639,118.2865372
24.4158366,118.2865251
24.4151194,118.2864957
24.4108104,118.2999828
24.4104949,118.3004209
24.4099395,118.3011919
24.4096483,118.3014892
24.4093139,118.3018304
24.4073268,118.3036585
24.4064001,118.3044956
24.4058926,118.304954
24.40471,118.3059641
24.404482,118.3061589
24.404216,118.3063245
24.4035229,118.3067484
24.4027411,118.3072412
24.4021378,118.3077664
24.4019252,118.3079515
24.401667,118.3081762
24.4014754,118.308343
24.401024,118.308736
24.4002058,118.3092132
24.4001629,118.3092242
24.4000989,118.3092405
24.4000203,118.3092606
24.399903,118.3092328
24.3997389,118.3091938
24.3991981,118.3091498
24.3980972,118.3093564
24.3978832,118.3094969
24.3977134,118.3097619
24.3971405,118.3108747
24.3958848,118.3131788
24.3958991,118.31397
24.3957391,118.3143297
24.3956934,118.3146224
24.3960813,118.3151584
24.3962638,118.3152927
24.3969368,118.3154767
24.3969748,118.3154871
24.3973309,118.3156381
24.3977073,118.3158068
24.39802,118.3159582
24.3980642,118.3159796
24.3983729,118.3162333
24.399434,118.3169215
24.3994868,118.3170063
24.3997401,118.3173459
24.3998894,118.3175063
24.4016852,118.3190453
24.4020861,118.3190847
24.4025611,118.3190987
24.4128816,118.317191
24.4128267,118.3174336
24.412677,118.3184202
24.4126371,118.3187847
24.4127826,118.3205345
24.4127893,118.3206155
24.4131278,118.3241231
24.4131364,118.3242127
24.4133303,118.3261822
24.413406,118.326951
24.4134142,118.3270337
24.413604,118.3286725
24.4136377,118.3289066
24.4137859,118.329155
24.4138637,118.329244
24.413973,118.3293691
24.4145423,118.3299515
24.4173927,118.3329834
24.419006,118.3347598
24.4432466,118.4592197
24.4398294,118.4549192
24.4393731,118.454345
24.4389045,118.4537091
24.4383829,118.4530011
24.4377877,118.4521932
24.4372001,118.4513957
24.4365754,118.45054
24.4346753,118.4479922
24.4338336,118.4468836
24.43316,118.4459865
24.4328768,118.4456116
24.4323657,118.444935
24.4320904,118.4445707
24.4313442,118.4435664
24.4302286,118.4420516
24.4296356,118.441286
24.4288546,118.4402583
24.4287179,118.4400785
24.4286736,118.4400186
24.4280588,118.439186
24.4280333,118.4391515
24.4277023,118.4387034
24.4273921,118.4383368
24.4267217,118.4373868
24.4247864,118.4348148
24.4362125,118.3664192
24.4363993,118.3662744
24.4365287,118.3661443
24.4366093,118.3660316
24.4366997,118.3658761
24.4368352,118.3655958
24.4369646,118.3653074
24.4370989,118.3650405
24.4372223,118.3648582
24.4373065,118.3647616
24.4374555,118.3646221
24.4376362,118.3645001
24.4378315,118.3643821
24.437939,118.3643177
24.4379988,118.3643164
24.4380821,118.3643601
24.4169197,118.3080871
24.4169207,118.3084877
24.4168901,118.3088383
24.4168671,118.3090444
24.4167112,118.3096172
24.4166655,118.3098149
24.41657,118.3102279
24.4165454,118.3103345
24.416292,118.311207
24.4161466,118.311487
24.4160532,118.3117155
24.4160093,118.3119617
24.4160587,118.3122139
24.416176,118.312525
24.4161979,118.3127289
24.4162077,118.3130078
24.4161833,118.3133565
24.4161344,118.3136944
24.4161906,118.3138768
24.4162663,118.3139895
24.416723,118.314357
24.4170767,118.3146971
24.4172354,118.3149023
24.417399,118.3151139
24.4182275,118.3159475
24.4187721,118.3164491
24.4190505,118.3166637
24.4194047,118.3169453
24.4255414,118.2588271
24.4267753,118.2588522
24.4268459,118.2588533
24.4269376,118.2588547
24.4427657,118.2309521
24.4412081,118.2317784
24.4406296,118.2320675
24.4405123,118.2321316
24.4404664,118.2321566
24.4402599,118.232279
24.4401689,118.2323563
24.4398326,118.2328571
24.4395205,118.2332653
24.4393088,118.2335529
24.439075,118.2339234
24.4381566,118.2347469
24.4379843,118.2349001
24.437734,118.2350737
24.4369043,118.2357095
24.4360538,118.236334
24.4325213,118.3456692
24.4326245,118.3456414
24.4330563,118.345525
24.5173214,118.4143846
24.5174698,118.4147628
24.5179507,118.4155724
24.518626,118.4162206
24.5193775,118.4172033
24.5200623,118.4183847
24.5202088,118.4189529
24.5202244,118.419005
24.5202511,118.4191228
24.5205341,118.4194573
24.5210476,118.4199507
24.5211657,118.4200889
24.4700982,118.2942551
24.4671673,118.2965989
24.465522,118.2978585
24.464903,118.2983404
24.4141559,118.2295073
24.4156862,118.2307094
24.4193036,118.2335509
24.4221664,118.2357796
24.4225099,118.2360777
24.4230983,118.236656
24.4235176,118.237015
24.4240144,118.2375389
24.4246169,118.2380415
24.425375,118.2387792
24.4254984,118.238927
24.4255588,118.2390075
24.426282,118.2400937
24.4278379,118.2424616
24.4279959,118.2426957
24.4285828,118.2436068
24.4290186,118.2442551
24.4291638,118.2444725
24.4297114,118.2453399
24.4299015,118.245644
24.4325972,118.345797
24.4326496,118.3458853
24.4327143,118.3459797
24.4170294,118.3081949
24.4172213,118.3084644
24.4173845,118.3087045
24.4178073,118.3093263
24.4179541,118.3095345
24.4187982,118.3103084
24.4192428,118.3106958
24.4194083,118.3108042
24.4196057,118.3108854
24.4197812,118.3108962
24.4199212,118.3108768
24.4200424,118.3108532
24.4201749,118.3108143
24.420213,118.3107993
24.4206731,118.3106692
24.4207926,118.31065
24.4208969,118.3106264
24.4210099,118.3106115
24.4211275,118.310613
24.4212525,118.3106271
24.4213172,118.3106492
24.4214446,118.3107371
24.4220081,118.3112458
24.4220957,118.3113555
24.4222141,118.3115698
24.4224853,118.3121655
24.4226579,118.3125425
24.4233416,118.3139988
24.423509,118.3142996
24.4236152,118.3144904
24.4236961,118.314574
24.4237958,118.3146696
24.4239746,118.3148116
24.4243192,118.3149966
24.4254128,118.3154965
24.4256909,118.3156021
24.4258549,118.3156179
24.4267081,118.315632
24.4275039,118.3155914
24.4292703,118.3155465
24.4294317,118.3155213
24.4297443,118.3155077
24.429917,118.3155002
24.4300789,118.3154932
24.4301223,118.3154913
24.4302662,118.3154849
24.4298967,118.245854
24.4299262,118.2458785
24.4299608,118.2458931
24.4299976,118.2458966
24.4300339,118.2458888
24.4300668,118.2458703
24.4300951,118.2458407
24.4301142,118.2458033
24.4301226,118.2457614
24.4301195,118.2457187
24.4301051,118.2456788
24.4300808,118.2456452
24.4484403,118.4213962
24.4482435,118.4205778
24.4480326,118.4198189
24.4479126,118.4195782
24.447779,118.4191937
24.4472954,118.4183347
24.4473915,118.3850104
24.4473622,118.3850069
24.4473291,118.3850138
24.4472996,118.3850316
24.4472765,118.3850585
24.4472622,118.385092
24.447258,118.3851288
24.4472644,118.3851651
24.4472807,118.3851975
24.4473029,118.3852209
24.4473303,118.3852364
24.4473606,118.3852427
24.4473912,118.3852394
24.4474213,118.3852256
24.4474463,118.3852025
24.4474638,118.3851723
24.4474722,118.3851376
24.4474707,118.3851018
24.4474596,118.3850682
24.4474421,118.3850422
24.4474188,118.3850224
24.4482084,118.3843792
24.4483323,118.3842652
24.4488924,118.3837697
24.4489648,118.3837056
24.4496788,118.383074
24.4497317,118.3830273
24.4500919,118.3827086
24.4501823,118.3826245
24.4518879,118.3810786
24.4519228,118.3810465
24.4519656,118.3810071
24.4521046,118.3808792
24.4524915,118.3805232
24.4525725,118.3804487
24.454063,118.3790772
24.4547682,118.3784283
24.4552008,118.3780418
24.4553107,118.3779415
24.4559871,118.3773241
24.4567536,118.3766244
24.4574124,118.376023
24.4575424,118.3759209
24.4279767,118.4301408
24.4283128,118.4296778
24.4284608,118.4294739
24.428747,118.4290797
24.4297742,118.4276647
24.4299008,118.4274911
24.431168,118.4257536
24.4320892,118.4244904
24.4329796,118.4232078
24.4333033,118.4227415
24.4333563,118.4226651
24.4334148,118.4225206
24.4334781,118.4222048
24.4336477,118.420664
24.4336584,118.4205668
24.4337404,118.420161
24.4337572,118.4200778
24.433985,118.4189502
24.4340532,118.4185529
24.4344307,118.4164238
24.4344528,118.4163005
24.4346703,118.4149615
24.4349207,118.4140042
24.4351869,118.4131666
24.4352082,118.4130995
24.4355238,118.4121071
24.435681,118.411633
24.435701,118.4112575
24.4358055,118.4104826
24.4359198,118.4099069
24.4270297,118.2587515
24.4270013,118.2587575
24.4269759,118.2587725
24.4269556,118.2587952
24.4269425,118.2588234
24.4269425,118.2588902
24.4269581,118.2589219
24.4269824,118.2589459
24.4270127,118.2589596
24.4270453,118.2589613
24.4270624,118.2590784
24.4271342,118.2594865
24.4272389,118.2600958
24.4273748,118.2608347
24.4274023,118.2610308
24.4273958,118.2611458
24.4273839,118.261227
24.4273664,118.261296
24.4273057,118.2614139
24.4271516,118.2615749
24.4267647,118.2619782
24.4266789,118.2620698
24.4266103,118.2621328
24.4265223,118.2622121
24.4294863,118.2462991
24.4290033,118.2468231
24.4287405,118.2471128
24.428533,118.2473416
24.4283702,118.2475304
24.4282458,118.2476104
24.4281983,118.2476345
24.4281671,118.2476777
24.4280095,118.2478988
24.427622,118.2484421
24.4271875,118.2490515
24.4262091,118.2504236
24.4261773,118.2504682
24.4260821,118.2506306
24.4260816,118.2507609
24.4261044,118.2508716
24.4265832,118.2525419
24.4265986,118.2526052
24.426614,118.2526744
24.4268521,118.2534672
24.4270373,118.2542594
24.4270644,118.2544659
24.4270636,118.254661
24.4269988,118.2550009
24.4266853,118.2558088
24.4266399,118.256
24.4267879,118.2569503
24.426792,118.2569769
24.4270179,118.258657
24.4270255,118.2587142
24.4431203,118.256508
24.4432439,118.2563853
24.4437099,118.2559078
24.4441763,118.255413
24.4445541,118.2549965
24.4447508,118.254744
24.444874,118.2545439
24.4449507,118.2544009
24.4450546,118.2541961
24.4451276,118.2540504
24.4457253,118.2527888
24.4458142,118.2524205
24.4458596,118.2522096
24.445927,118.2518974
24.4459649,118.2517141
24.446161,118.2508154
24.4461789,118.2503467
24.4461133,118.2492673
24.4460509,118.2482925
24.4460066,118.2481646
24.4316444,118.3212721
24.4316028,118.3212418
24.4315544,118.321228
24.4315045,118.3212324
24.4314587,118.3212544
24.4314219,118.3212916
24.4313982,118.3213399
24.4313831,118.3213784
24.4313971,118.3214429
24.4314167,118.3214873
24.4314474,118.3215233
24.4314864,118.3215479
24.4315302,118.3215588
24.4315751,118.321555
24.4315892,118.3216689
24.4317027,118.3225894
24.4317361,118.3227933
24.4317454,118.3228497
24.4318777,118.3233678
24.4319317,118.3235315
24.4320337,118.3237822
24.43222,118.3241934
24.4318151,118.3211205
24.4321309,118.3208402
24.4325449,118.3205755
24.4326974,118.3205008
24.4328327,118.320437
24.4329482,118.3203809
24.4371446,118.3183779
24.4372831,118.3185108
24.4375672,118.3187833
24.4383232,118.3195087
24.4384563,118.3196364
24.4385942,118.3197688
24.4387325,118.3199014
24.4387575,118.3199254
24.4388657,118.3200292
24.4390022,118.3201602
24.4392865,118.3204329
24.4396372,118.3207694
24.4398181,118.3209698
24.4398969,118.3210721
24.4312898,118.3136006
24.431371,118.3136183
24.4314044,118.3136256
24.4314344,118.3136322
24.4314849,118.3136432
24.4315682,118.3136643
24.4320816,118.3137944
24.4325048,118.3139824
24.4326295,118.3140831
24.433004,118.3143473
24.4330403,118.3143917
24.4401932,118.3209804
24.4407634,118.3207778
24.4409577,118.3207122
24.4413425,118.32061
24.443046,118.3200297
24.4431403,118.3200018
24.444195,118.3196201
24.4442968,118.3196162
24.4449145,118.3193718
24.4449795,118.3193723
24.4460421,118.3190241
24.4463384,118.3188943
24.4466668,118.3187804
24.4479702,118.3183576
24.4483616,118.3182265
24.4485611,118.3181477
24.4499142,118.3175436
24.451393,118.3168709
24.453697,118.3159737
24.4544549,118.3156949
24.454857,118.3155385
24.4563321,118.3150071
24.4569411,118.3147636
24.4572357,118.3147089
24.4581051,118.3144095
24.4588952,118.3141244
24.4596746,118.3138346
24.4601767,118.3136664
24.4604825,118.3136215
24.4621935,118.3151861
24.4628719,118.3158984
24.4630753,118.315917
24.4634475,118.315951
24.4648801,118.3159497
24.4649839,118.3159496
24.4654613,118.315946
24.4657831,118.3159435
24.4665671,118.3159584
24.4674532,118.3158638
24.4683145,118.3157545
24.4684238,118.3157381
24.4688855,118.3156697
24.4690094,118.3156586
24.4700325,118.3155665
24.4703247,118.3155293
24.4716724,118.3153055
24.4722142,118.3153303
24.4731596,118.3153439
24.4733159,118.3153734
24.4734306,118.3154485
24.4740824,118.3159313
24.474179,118.3160043
24.4743865,118.3161913
24.4301044,118.3418924
24.4299572,118.3415502
24.4298822,118.3413411
24.429813,118.340999
24.4618386,118.3031385
24.4615944,118.3034889
24.4646156,118.2986825
24.4629919,118.3012911
24.4385466,118.3641454
24.4389533,118.3642574
24.4392755,118.3643461
24.4409374,118.3648448
24.4410485,118.3648781
24.4415733,118.3650201
24.4420695,118.3651543
24.4423485,118.3652186
24.4426489,118.3652401
24.4432282,118.3652186
24.4457139,118.365033
24.4367835,118.3610673
24.4368494,118.3613665
24.4369593,118.3616347
24.4378571,118.3638266
24.4379778,118.3640964
24.4398932,118.3665663
24.4401813,118.3670211
24.4402885,118.3672571
24.4403659,118.3674773
24.4405675,118.3680511
24.4407821,118.3686948
24.4409108,118.3690166
24.44143,118.3705247
24.441812,118.3716345
24.4419193,118.371892
24.4420481,118.3721924
24.4421277,118.3723516
24.4421768,118.3724499
24.442606,118.3732438
24.4433606,118.374572
24.4436789,118.3751321
24.4438505,118.3754969
24.4440088,118.3759144
24.4398337,118.3664031
24.4397554,118.3662699
24.438429,118.3646098
24.4384092,118.3645481
24.4384101,118.3644797
24.4384224,118.3644261
24.4384661,118.3643369
24.4381213,118.3638451
24.4380392,118.3638414
24.4379999,118.363836
24.4379662,118.3638145
24.437943,118.3637745
24.4379165,118.3637193
24.4370398,118.3615301
24.4369202,118.361286
24.4370652,118.361774
24.4374878,118.3627993
24.4379442,118.3639232
24.4380999,118.364253
24.4381857,118.3643818
24.4384167,118.3646907
24.4392299,118.3657122
24.4301943,118.3462716
24.4302218,118.346231
24.4302243,118.3461885
24.4301984,118.3461414
24.4301614,118.3461237
24.4301242,118.3461284
24.4300978,118.3461476
24.4300803,118.3461792
24.4300774,118.3462167
24.4300983,118.3462625
24.4301401,118.3462858
24.4306494,118.346156
24.4310355,118.3460614
24.4321387,118.3457911
24.4400644,118.3213295
24.4405745,118.3219939
24.4409114,118.3223965
24.4411102,118.3226137
24.4412246,118.322751
24.4416483,118.3232598
24.4419645,118.3236428
24.4433947,118.325224
24.4437058,118.3255965
24.4438008,118.325714
24.4439606,118.3259388
24.4449093,118.3268804
24.4462663,118.3283861
24.4464477,118.3285974
24.4470957,118.329279
24.4478211,118.3300758
24.447907,118.3302182
24.4483022,118.3306856
24.4484059,118.330832
24.4484725,118.3310109
24.4485687,118.3313524
24.4486797,118.3318809
24.448829,118.3326929
24.4490377,118.3338102
24.4492719,118.3350845
24.4494347,118.3360846
24.4495335,118.3366157
24.449685,118.3374298
24.4497086,118.3375563
24.4497316,118.3378278
24.4500593,118.3393827
24.4586763,118.3793952
24.4590925,118.3806818
24.459432,118.3812629
24.459889,118.3820251
24.4603541,118.382854
24.4603938,118.3829248
24.4609274,118.3834212
24.461183,118.3836585
24.4767811,118.3980338
24.4787724,118.3997441
24.4810683,118.4018086
24.4824057,118.4030202
24.4834405,118.4039654
24.484349,118.4047849
24.484942,118.4053445
24.4906294,118.4105551
24.4911918,118.4110472
24.4912491,118.4110974
24.4913781,118.4111744
24.4914762,118.4112145
24.4916052,118.4112638
24.4918156,118.4112881
24.4918715,118.4112946
24.4924659,118.4113685
24.492734,118.411399
24.4931697,118.4114486
24.4938202,118.4115257
24.494765,118.4116489
24.4951099,118.4116859
24.4960295,118.4117937
24.4969435,118.41192
24.4977734,118.4120186
24.498707,118.4121203
24.4996995,118.4122374
24.5005743,118.4123514
24.5010789,118.4124192
24.5018482,118.4125237
24.502041,118.4125499
24.5029532,118.4126739
24.5065643,118.4131806
24.5071165,118.4132007
24.507605,118.4131716
24.5091625,118.4129965
24.509562,118.4129404
24.5110563,118.412797
24.5117557,118.4127018
24.512106,118.412666
24.5128953,118.4126029
24.513874,118.4124161
24.5141935,118.4123822
24.5151975,118.412253
24.5153235,118.4122514
24.5156524,118.4123377
24.5157991,118.4123947
24.5159087,118.4124533
24.5159857,118.4125011
24.5161398,118.4125966
24.5162391,118.4126862
24.5164198,118.4128409
24.5165398,118.412963
24.5166435,118.4131063
24.5167754,118.4133212
24.5169898,118.4136945
24.5172727,118.4141868
24.4468785,118.3766761
24.4468997,118.3766413
24.4469094,118.3766008
24.4469065,118.3765591
24.4468949,118.3765268
24.4468757,118.3764992
24.4468503,118.3764784
24.4468208,118.3764659
24.4467893,118.3764627
24.4467529,118.3764711
24.4467208,118.3764918
24.4466964,118.3765227
24.4466822,118.3765605
24.4466797,118.3766013
24.4466892,118.376641
24.4467098,118.3766753
24.4467394,118.3767005
24.4467747,118.3767141
24.4468121,118.3767145
24.4468482,118.3767014
24.43066,118.3201681
24.430203,118.3173051
24.4302215,118.3169282
24.4302398,118.3165549
24.4302421,118.316439
24.4305986,118.3199299
24.4304499,118.319353
24.4303306,118.3188365
24.4302017,118.3181754
24.4301883,118.3179673
24.4301821,118.3178715
24.4301919,118.3175307
24.4302439,118.3157042
24.4347131,118.3161417
24.4355408,118.316903
24.4360881,118.3174064
24.4361661,118.3174781
24.4363282,118.3176271
24.4364161,118.3177079
24.4365022,118.3177872
24.4332256,118.3145779
24.4333402,118.3146928
24.4343466,118.3197358
24.4347712,118.3195319
24.4350412,118.3194014
24.4351419,118.3193539
24.4357574,118.3190582
24.4361661,118.3188619
24.4362798,118.3188057
24.4364457,118.3187236
24.4366539,118.3186206
24.4744964,118.3169359
24.4731416,118.3179664
24.4719467,118.3188889
24.4707305,118.3198306
24.4695334,118.3207152
24.4693849,118.3208361
24.4670954,118.3225808
24.4669768,118.3226712
24.4661145,118.3230276
24.4638622,118.323898
24.4637453,118.3239448
24.4633109,118.3240762
24.4630641,118.3241128
24.462754,118.324347
24.4624268,118.3245941
24.4616693,118.3250841
24.4612039,118.3253461
24.4611595,118.3253652
24.4609927,118.3255174
24.4589333,118.3275111
24.4585549,118.3278643
24.4577706,118.3285961
24.4570971,118.3292295
24.4554735,118.3307259
24.4551254,118.3311565
24.4549413,118.3313842
24.4543318,118.3321381
24.4537502,118.3328575
24.4536804,118.3329444
24.4532134,118.3335214
24.4526703,118.3341931
24.4525413,118.3343526
24.4523846,118.3345465
24.4522296,118.3347382
24.4520696,118.3349361
24.45189,118.3351582
24.4514941,118.3356479
24.4513453,118.3358319
24.4509406,118.3363324
24.4505983,118.3367559
24.4505571,118.3368068
24.4782758,118.3130209
24.4778653,118.3136905
24.4774307,118.3143836
24.4768041,118.3151026
24.4765742,118.3153351
24.4763001,118.3155581
24.4756266,118.3160456
24.4752362,118.3163373
24.4469983,118.3792008
24.4471939,118.3823225
24.5152378,118.4119368
24.5152472,118.4118966
24.5153354,118.4116471
24.5157942,118.4111
24.5163799,118.4104991
24.516624,118.4102095
24.5167153,118.4101203
24.516836,118.4100023
24.5168875,118.409952
24.5172097,118.4097267
24.5176684,118.4094692
24.5180394,118.4092975
24.5185372,118.409158
24.519041,118.4090583
24.5195388,118.4089939
24.5198414,118.4089832
24.5202221,118.4089725
24.5207433,118.4090078
24.5212411,118.4091044
24.521651,118.4092224
24.5220122,118.4093512
24.5223441,118.4095335
24.522676,118.4097696
24.5229395,118.4100485
24.5229626,118.4100771
24.5230176,118.4101451
24.5233202,118.4105206
24.5235144,118.4107951
24.5235252,118.4108103
24.5238766,118.4113467
24.5240543,118.4116276
24.4392854,118.3978036
24.4396489,118.397152
24.4392919,118.3968861
24.439224,118.3968355
24.440496,118.3977842
24.4405329,118.3978118
24.4419198,118.3988257
24.4379509,118.3641623
24.4379127,118.3642131
24.4378199,118.3642654
24.4376868,118.3643459
24.4373474,118.3646007
24.437174,118.3647831
24.4370617,118.3649467
24.436942,118.3651747
24.436729,118.3656373
24.4365886,118.3659243
24.4365104,118.3660477
24.4363548,118.3662247
24.436168,118.3663629
24.438406,118.364768
24.4397014,118.3664025
24.4397674,118.3664754
24.4411221,118.3403446
24.4427505,118.338558
24.4439635,118.3377143
24.4440007,118.3376884
24.44585,118.3363151
24.4411435,118.3404287
24.4411746,118.3405506
24.4413422,118.3411957
24.4414531,118.3416222
24.4418846,118.343283
24.4423775,118.3451801
24.4423946,118.3452457
24.4428452,118.3468753
24.4431952,118.3482711
24.4436025,118.3498949
24.4460374,118.3650035
24.446048,118.3651213
24.4460627,118.3652857
24.4439775,118.351338
24.444158,118.3520327
24.4442482,118.3523797
24.4443026,118.352589
24.4449515,118.3549591
24.4452066,118.3560705
24.4452316,118.3561956
24.4454532,118.3573034
24.4456147,118.3587231
24.4456766,118.3596955
24.4404905,118.3918542
24.4412886,118.3909073
24.4420483,118.3900514
24.4424764,118.3895691
24.4432944,118.3884278
24.4359836,118.4097164
24.4361585,118.4092426
24.4363921,118.4088074
24.4365868,118.4086211
24.4366441,118.4085662
24.4367499,118.4084637
24.4369491,118.4082705
24.4370827,118.408141
24.437466,118.4075952
24.4375602,118.4074603
24.4377791,118.4071332
24.4378965,118.4069632
24.4381509,118.4065951
24.4384667,118.4059613
24.4384423,118.4055823
24.4384355,118.4054774
24.4383183,118.4050048
24.4378312,118.4030408
24.4376986,118.4023214
24.4377033,118.4021681
24.4377064,118.4020645
24.4378819,118.4014093
24.4380501,118.4009868
24.4381002,118.4008611
24.4388721,118.3990326
24.4393049,118.3974053
24.4388643,118.3962619
24.4387942,118.3960136
24.4388214,118.395671
24.4390476,118.3951229
24.4392181,118.3947482
24.4392776,118.3946175
24.4393792,118.3942047
24.4394218,118.3938896
24.4394959,118.3934699
24.4399245,118.3926484
24.4400924,118.3923265
24.4402528,118.3921362
24.4385838,118.3304797
24.4391391,118.3326395
24.4391548,118.3327006
24.4394655,118.333909
24.4395396,118.3341969
24.4397177,118.3348896
24.4397857,118.3351541
24.4399551,118.335812
24.4401395,118.3365283
24.4402521,118.3369658
24.4404141,118.3375947
24.4404272,118.3376457
24.4404769,118.3378386
24.4405594,118.3381591
24.4406448,118.338491
24.4407336,118.3388355
24.4407958,118.3390772
24.4408641,118.3393424
24.438635,118.3304744
24.4386818,118.3304512
24.4387192,118.3304125
24.4387431,118.3303625
24.4387508,118.3303092
24.4387431,118.330256
24.4387206,118.330208
24.4386856,118.3301702
24.4386417,118.3301461
24.4385931,118.3301383
24.4385448,118.3301476
24.4613611,118.3036984
24.4611486,118.3038406
24.4609314,118.3039371
24.4607195,118.3040632
24.461047,118.3040327
24.4612489,118.3039644
24.4613651,118.3038447
24.4614645,118.3037151
24.4586466,118.3042456
24.4579581,118.3043207
24.4571012,118.3043529
24.4567325,118.3043341
24.4563003,118.3042697
24.4560097,118.3043502
24.455602,118.3046184
24.4553432,118.3048692
24.4552651,118.3049966
24.45523,118.3050575
24.4551406,118.3052648
24.4547606,118.3057548
24.429776,118.3410879
24.454205,118.3622301
24.4533791,118.3624052
24.453225,118.3624318
24.4531123,118.3624477
24.4530164,118.3624378
24.4529016,118.3624077
24.4527536,118.362342
24.4526584,118.3622772
24.4520397,118.3618212
24.4512765,118.3612617
24.4489618,118.3594654
24.4488577,118.3593803
24.4487052,118.3592789
24.448584,118.3592292
24.4484967,118.3592137
24.4483777,118.3592188
24.4481685,118.3592481
24.4886131,118.4131667
24.4885137,118.4133098
24.4882925,118.4136279
24.4882717,118.4136578
24.487836,118.4142822
24.487558,118.4147031
24.4875187,118.4147642
24.4874794,118.4148253
24.4868836,118.4157518
24.4866359,118.416137
24.4865433,118.416455
24.4863319,118.4173076
24.4859188,118.4188611
24.485808,118.4193347
24.4856828,118.4196781
24.4855308,118.4199174
24.4850147,118.4203952
24.4822975,118.4230662
24.4822293,118.4231333
24.4810387,118.4243131
24.4793418,118.4258917
24.478858,118.426316
24.478531,118.4266028
24.478474,118.4266528
24.4777737,118.4274474
24.4777204,118.427531
24.4776532,118.4278334
24.4774844,118.4285932
24.4541669,118.4462833
24.4539893,118.4464913
24.4533321,118.447249
24.4530711,118.4475674
24.4526531,118.4480572
24.4524403,118.4483065
24.4511319,118.4498396
24.4509385,118.4500584
24.4504785,118.4506125
24.4489574,118.4524446
24.4476717,118.453989
24.4466064,118.4552686
24.4044156,118.3182146
24.4062802,118.3171358
24.408002,118.3168221
24.4089348,118.3165857
24.4090912,118.3165461
24.4103166,118.3163994
24.4111171,118.3163035
24.4116335,118.316583
24.4120354,118.3168788
24.4122279,118.3170204
24.4124016,118.3171482
24.4133258,118.3170754
24.4135711,118.3170663
24.4138321,118.3171661
24.4145805,118.3174523
24.4146477,118.317478
24.4152836,118.3177319
24.4164512,118.3181981
24.417253,118.318501
24.4174973,118.3185278
24.4179219,118.3184635
24.4179767,118.3184491
24.4180148,118.3184336
24.4182348,118.3183561
24.4184278,118.3182408
24.4188161,118.317758
24.4107554,118.4339152
24.4125189,118.4347939
24.413683,118.4353344
24.4155853,118.4352279
24.4157333,118.4351777
24.4162821,118.4348049
24.4164169,118.4347142
24.4168431,118.4344039
24.4172273,118.4341614
24.4176,118.4340198
24.4179089,118.4339879
24.4193936,118.4342228
24.4195055,118.4342414
24.419943,118.434294
24.4209693,118.4344174
24.424036,118.4347009
24.4245247,118.4347142
24.4494143,118.3383499
24.4487762,118.3392047
24.4520521,118.3079568
24.4520156,118.307964
24.451516,118.3080587
24.4513579,118.3080825
24.4512226,118.3081121
24.4510711,118.3081617
24.4509443,118.3082185
24.4508493,118.3082763
24.450347,118.3086365
24.4491268,118.3095152
24.4476325,118.3106926
24.4468902,118.3112688
24.4467285,118.3113736
24.4465955,118.3114438
24.4464514,118.3114934
24.4462591,118.3115282
24.4461205,118.311547
24.4456416,118.3115943
24.4748816,118.3164634
24.4748189,118.3164617
24.4747592,118.3164824
24.4747087,118.3165233
24.4746731,118.3165799
24.4746561,118.3166462
24.4558835,118.3706048
24.4559334,118.3709826
24.4561865,118.371879
24.4562226,118.3719894
24.4564403,118.3726545
24.456747,118.3735798
24.4568334,118.3738404
24.4569537,118.3742033
24.4569943,118.3743258
24.4558415,118.3704142
24.4558135,118.3704268
24.4557909,118.370449
24.4557764,118.3704782
24.4557716,118.3705092
24.4557759,118.3705403
24.455789,118.3705684
24.4558096,118.3705904
24.4558354,118.3706041
24.4558587,118.3706084
24.4139028,118.2864463
24.4137604,118.2864407
24.413667,118.2864485
24.4135799,118.2864899
24.4133582,118.2872182
24.4127766,118.28941
24.41265,118.289857
24.4125482,118.2902935
24.4125223,118.290435
24.4122201,118.2938983
24.4122172,118.2940445
24.4122068,118.2945589
24.4122494,118.2949047
24.4123956,118.2952633
24.4123907,118.2954935
24.4122933,118.2958575
24.412225,118.2961519
24.4121568,118.2965159
24.4121083,118.2967291
24.4120252,118.297019
24.4119959,118.2974098
24.4119667,118.2979933
24.4117863,118.2983358
24.4110942,118.2993315
24.4108895,118.2996687
24.4772516,118.4296577
24.4771466,118.4298401
24.477027,118.4299876
24.4768707,118.4300895
24.475916,118.430553
24.4755501,118.4307306
24.4750604,118.4309918
24.474197,118.4314108
24.4733034,118.4318446
24.4730957,118.4319478
24.4709158,118.43303
24.4676753,118.4346566
24.4675578,118.4347156
24.4674804,118.4347546
24.4663626,118.4353178
24.4658366,118.4357845
24.4648819,118.4366315
24.4750868,118.3164237
24.474995,118.3164465
24.4750359,118.3166566
24.4750453,118.3165768
24.475072,118.3165116
24.4751209,118.3164546
24.4744999,118.3162999
24.4745533,118.3163683
24.4745992,118.3164432
24.4746333,118.3165344
24.4747386,118.3164188
24.4746467,118.3163667
24.4745666,118.3163081
24.474494,118.316256
24.4746126,118.3167347
24.4745563,118.3168324
24.4746052,118.3168813
24.474703,118.3168666
24.4747792,118.3168655
24.4199531,118.3172128
24.4204719,118.3173181
24.42073,118.3173503
24.4209457,118.3173771
24.4214122,118.3174495
24.4214499,118.3174589
24.4216076,118.3174978
24.4217273,118.3175434
24.4218445,118.3176641
24.4219935,118.317809
24.4223256,118.3181657
24.4231451,118.3187969
24.4235664,118.3190885
24.4243623,118.3196393
24.4261293,118.3209333
24.4262142,118.320984
24.4269203,118.3212172
24.4272641,118.3213307
24.4275529,118.3214219
24.4277131,118.3214553
24.4277684,118.3214544
24.4278784,118.3214288
24.4281293,118.3213884
24.4284579,118.3213625
24.4285873,118.3213849
24.4292427,118.3214437
24.4293364,118.3214449
24.429453,118.3214466
24.4295692,118.3214273
24.424829,118.434771
24.4248562,118.4347142
24.424865,118.4346507
24.4248587,118.4346131
24.4248546,118.4345887
24.4248267,118.4345337
24.4247314,118.4344665
24.4246742,118.4344616
24.4246186,118.4344771
24.4245705,118.4345115
24.4245351,118.434561
24.424516,118.4346204
24.4245154,118.4346835
24.4245338,118.4347444
24.4245694,118.4347953
24.4245995,118.4348171
24.4246182,118.4348306
24.4246748,118.4348464
24.424733,118.434841
24.4646965,118.4368003
24.463911,118.4375151
24.4635635,118.437829
24.4632547,118.4381078
24.460232,118.4408376
24.4588415,118.4420861
24.4560452,118.4445968
24.4648746,118.4368003
24.4648957,118.4367667
24.4649063,118.4367277
24.4649056,118.4366869
24.4648914,118.436644
24.4648647,118.436609
24.4648287,118.4365861
24.4647878,118.4365781
24.4647469,118.4365859
24.4647108,118.4366086
24.464684,118.4366435
24.4646696,118.4366864
24.4646694,118.436732
24.4646834,118.436775
24.4647375,118.4368295
24.4647732,118.4368405
24.4648103,118.4368391
24.4648452,118.4368252
24.5173523,118.4143745
24.5173784,118.4143537
24.5173966,118.4143245
24.5174049,118.4142902
24.5174027,118.4142568
24.517391,118.4142259
24.5173709,118.4142007
24.5173446,118.4141838
24.5173148,118.4141769
24.5172845,118.4141807
24.5172569,118.414195
24.5172348,118.4142181
24.5172206,118.4142477
24.5172156,118.4142807
24.5172204,118.4143138
24.5172356,118.4143451
24.5172595,118.4143689
24.5172892,118.4143826
24.4333835,118.3201664
24.4337701,118.3199936
24.4324567,118.3246278
24.4331099,118.3254458
24.4336423,118.3259974
24.4340505,118.3263968
24.4343412,118.3265751
24.4347258,118.3268007
24.4352302,118.3271701
24.4356707,118.3274775
24.4362261,118.3278744
24.4373712,118.3286079
24.4376476,118.328806
24.4380977,118.3292463
24.4383294,118.3295334
24.4384501,118.3297536
24.4384903,118.3299246
24.4202573,118.3359999
24.4219821,118.3378266
24.4226482,118.3385818
24.4228664,118.3387896
24.4241005,118.3403077
24.4248685,118.3412069
24.4252549,118.3416593
24.4256663,118.342141
24.4262507,118.3428448
24.4273005,118.3441042
24.428192,118.3451428
24.4283042,118.3452725
24.4289743,118.3456338
24.4296354,118.3459598
24.4501266,118.3397643
24.4504784,118.34176
24.4508337,118.3436138
24.4509372,118.3442073
24.4510705,118.3449717
24.4512018,118.3457148
24.4514083,118.3468969
24.4544661,118.3635396
24.4544798,118.3636088
24.4549659,118.366009
24.4552228,118.3674375
24.4552574,118.3676039
24.4554819,118.3686815
24.4556965,118.3697385
24.4557518,118.370029
24.4518456,118.3495868
24.4520919,118.3507528
24.4521438,118.3511675
24.4521729,118.3518122
24.4521877,118.3520517
24.4522329,118.3522682
24.4523699,118.3527244
24.4524176,118.3528729
24.4525213,118.3532328
24.4526397,118.3537043
24.4528321,118.3547776
24.4529579,118.3554931
24.4531652,118.3565746
24.4534687,118.3581194
24.4537005,118.3593521
24.429788,118.3214227
24.4298701,118.3214247
24.4297647,118.3214232
24.4346497,118.3160359
24.434234,118.315603
24.4334548,118.3147918
24.4302996,118.3153454
24.4303061,118.3153173
24.4304194,118.3149177
24.4304821,118.3146969
24.4305464,118.3144702
24.4306474,118.3142853
24.4307108,118.3141977
24.4309147,118.3139668
24.430957,118.3139238
24.4311045,118.313772
24.4311648,118.3137188
24.4311755,118.3137087
24.4311991,118.3136864
24.4264198,118.2622224
24.4263335,118.2622243
24.4262655,118.2622048
24.4261563,118.2621712
24.4260754,118.2621544
24.4255224,118.2623057
24.4254612,118.2623321
24.4253978,118.2623753
24.4253606,118.2624593
24.425306,118.262889
24.4253115,118.2630283
24.445329,118.3115975
24.4443824,118.311569
24.4441258,118.3115845
24.4439293,118.3116137
24.4437858,118.311629
24.4432614,118.3116551
24.442121,118.3117219
24.4410493,118.3117746
24.4396098,118.3118438
24.4394363,118.3118483
24.4379878,118.311917
24.4374444,118.3119392
24.4373945,118.3119516
24.4373339,118.3119752
24.4372772,118.3120113
24.4869765,118.4072054
24.4870798,118.4073027
24.4878999,118.4080748
24.4880333,118.4081962
24.445983,118.2480964
24.4457449,118.2474089
24.4454396,118.2470157
24.4446444,118.2472815
24.4441432,118.2472776
24.4438595,118.2472599
24.4436221,118.2472717
24.4435314,118.2473079
24.4434611,118.2473532
24.4431124,118.2477262
24.4430312,118.247798
24.4423318,118.2481127
24.4419552,118.2483558
24.4417986,118.2484831
24.4417798,118.248344
24.4417967,118.2480394
24.4417537,118.2477154
24.4416038,118.24743
24.4411022,118.2469972
24.4404329,118.2466483
24.4403063,118.2465515
24.4392829,118.2457688
24.4391373,118.2455962
24.4390442,118.2453938
24.4389775,118.2450009
24.4389424,118.2448018
24.4389636,118.2444829
24.4389068,118.244345
24.4385653,118.2438842
24.4385207,118.2437521
24.4384969,118.2436815
24.4384692,118.2434254
24.4384055,118.2432723
24.4380736,118.2422286
24.4376459,118.2414652
24.437277,118.2406128
24.4368824,118.2400974
24.4365379,118.2396039
24.4362804,118.2393322
24.4361782,118.2392573
24.4360533,118.2392296
24.4357119,118.2391924
24.4352002,118.2391367
24.4350815,118.2391492
24.4349831,118.2391839
24.434917,118.2392455
24.434891,118.2392698
24.4348625,118.2393263
24.434704,118.2396408
24.4387147,118.2620979
24.4387754,118.2620525
24.4303637,118.2587861
24.4305974,118.2587832
24.4308261,118.258804
24.4312063,118.2589666
24.4322195,118.2597102
24.4329908,118.2602584
24.433702,118.2607638
24.4345743,118.2613842
24.4362686,118.2626239
24.4369292,118.2630573
24.4372168,118.2631943
24.4862726,118.4065473
24.4869253,118.4071571
24.4884892,118.4085815
24.4893307,118.409324
24.4894787,118.4094627
24.4522029,118.3075732
24.4521974,118.3072604
24.452186,118.3066081
24.4142617,118.2864844
24.4299851,118.3214224
24.430024,118.3214217
24.4302229,118.3214071
24.4174652,118.3001891
24.4175429,118.3000334
24.4176159,118.2998479
24.4176647,118.2996543
24.4176912,118.299434
24.417693,118.2992356
24.4176899,118.2990419
24.4176519,118.2988688
24.417583,118.2987083
24.4174884,118.2985311
24.4173924,118.2983921
24.4172532,118.298201
24.4171482,118.2980436
24.4170758,118.2978893
24.4170303,118.2977414
24.416999,118.2975859
24.4169927,118.2974142
24.4170179,118.2921341
24.4170276,118.290094
24.4170305,118.2893496
24.4149305,118.3049622
24.416116,118.306657
24.4164695,118.30728
24.4167449,118.3078581
24.4253552,118.2629694
24.4253672,118.2629394
24.4253956,118.2626417
24.4254153,118.2625745
24.4254546,118.2624857
24.4255246,118.2624353
24.4256807,118.2623825
24.426036,118.2622624
24.4261344,118.2622648
24.4262256,118.2622811
24.4264092,118.2622803
24.4460165,118.3647342
24.4460301,118.3649171
24.4461157,118.3658779
24.4461974,118.3671407
24.4463283,118.3693047
24.4465341,118.3724994
24.4436444,118.388072
24.4442125,118.3876036
24.4448673,118.3873192
24.4453284,118.3871723
24.4470868,118.3853751
24.4433366,118.3883689
24.4344735,118.348546
24.4348812,118.3491898
24.4352245,118.3497906
24.435482,118.3503056
24.4356751,118.3506918
24.4358468,118.3510995
24.435997,118.3515716
24.4362116,118.3524728
24.4362291,118.3525602
24.4362545,118.3526874
24.436276,118.3531594
24.4360399,118.3562493
24.435997,118.3566999
24.4359112,118.3581805
24.4359326,118.3586526
24.4359541,118.3591247
24.4360185,118.3594036
24.4360614,118.3595967
24.4361687,118.3598328
24.4343445,118.345178
24.4351565,118.3449592
24.4362805,118.34465
24.4366632,118.3444941
24.4373742,118.3440626
24.4374402,118.3439968
24.4380814,118.3433579
24.4390552,118.342373
24.4323969,118.3454857
24.4324492,118.3455628
24.4324026,118.345707
24.4890072,118.4126392
24.4888414,118.4128611
24.4147567,118.3041764
24.4157949,118.3026658
24.4173214,118.3004445
24.4173946,118.300321
24.4665715,118.388682
24.4670465,118.3891796
24.4681247,118.3901142
24.4683728,118.3903293
24.4689924,118.3909223
24.4693368,118.391264
24.4700804,118.3919315
24.4701311,118.3919783
24.4723824,118.3940403
24.4739794,118.395473
24.4752721,118.3966397
24.4758256,118.3971338
24.4614529,118.383909
24.4619375,118.3843584
24.4620245,118.3844391
24.4622596,118.3846571
24.4628181,118.3851491
24.4628855,118.3852085
24.4630441,118.3853482
24.4635539,118.3857963
24.4637842,118.3859987
24.4650128,118.3871614
24.4662441,118.3883626
24.4521073,118.3066097
24.4521301,118.307696
24.4521308,118.3077322
24.452132,118.3077893
24.4476871,118.2644301
24.4474849,118.2639187
24.4472793,118.263435
24.4470522,118.2629522
24.4468007,118.262464
24.4465174,118.2619437
24.4462666,118.2614927
24.4459949,118.2610211
24.445702,118.2605355
24.4454271,118.2600956
24.4450795,118.2595586
24.4440208,118.2579203
24.4439314,118.2577801
24.4434041,118.2569532
24.4431203,118.256508
24.4520895,118.3044701
24.4544746,118.3060194
24.4541802,118.306273
24.4528285,118.3074009
24.4524361,118.307727
24.4400548,118.2610974
24.4401221,118.2610465
24.4406642,118.2607773
24.4407219,118.2607393
24.4407808,118.2606635
24.4408176,118.2605931
24.4408803,118.2604236
24.4409451,118.260135
24.441113,118.2594323
24.4411953,118.2590693
24.4412659,118.2587449
24.4413189,118.2585659
24.4413937,118.2583837
24.4414542,118.258287
24.4415204,118.2581981
24.4416468,118.2580478
24.4425164,118.2571346
24.4429998,118.2566331
24.4346603,118.2397474
24.4341995,118.2404495
24.4336735,118.2413468
24.433189,118.242257
24.432962,118.2426834
24.4328296,118.2429325
24.4319621,118.2436904
24.4317568,118.2439037
24.431252,118.2444283
24.4312233,118.2444581
24.4308357,118.2448609
24.4303452,118.2453705
24.4298751,118.2456806
24.4298606,118.2457246
24.4298595,118.2457713
24.429872,118.2458159
24.4271293,118.258852
24.4271233,118.2588199
24.4271086,118.2587913
24.4270866,118.2587691
24.4270594,118.2587553
24.4270728,118.2589528
24.4270968,118.2589359
24.4271151,118.258912
24.4271263,118.2588832
24.4133769,118.2233219
24.4133549,118.2238618
24.4133507,118.223907
24.4131423,118.2255868
24.413139,118.2256509
24.4132217,118.2259791
24.4132761,118.2262186
24.4133807,118.2266712
24.4135736,118.2275022
24.4137984,118.2284213
24.4138948,118.2288311
24.4140636,118.2293915
24.4300485,118.2456208
24.430011,118.2456079
24.4299717,118.2456077
24.4299341,118.2456201
24.4559014,118.3705977
24.4559169,118.3705866
24.4559361,118.3705632
24.4559476,118.3705344
24.45595,118.3705012
24.4559422,118.3704691
24.4559252,118.3704416
24.4559007,118.370422
24.4558717,118.3704125
24.4886648,118.4130974
24.4316182,118.3215361
24.4316541,118.3215036
24.4316793,118.3214606
24.4316914,118.3214113
24.4316893,118.3213602
24.4316731,118.3213123
24.438501,118.3301732
24.4384669,118.3302126
24.4384457,118.3302618
24.4384397,118.3303159
24.4384495,118.3303692
24.4384707,118.3304118
24.438502,118.330446
24.4385407,118.3304693
24.4459702,118.3650096
24.4381543,118.3644074
24.438236,118.3644294
24.43832,118.3644243
24.438399,118.3643926
24.4385215,118.3642488
24.4385408,118.3640485
24.4385082,118.3639582
24.4384521,118.3638832
24.4383777,118.3638307
24.4382923,118.3638058
24.438204,118.3638107
24.4380488,118.3639097
24.4379993,118.3639966
24.4379861,118.3641952
24.4380221,118.3642861
24.4757439,118.3105633
24.4759414,118.3109569
24.4760715,118.3111879
24.4766728,118.3116885
24.4768688,118.3118355
24.4776251,118.312378
24.4779287,118.3126754
24.474824,118.3168672
24.4749031,118.3168688
24.4749591,118.3168374
24.4750027,118.3167877
24.4750293,118.3167251
24.4746596,118.3167152
24.4746833,118.3167791
24.4747247,118.3168311
24.4750219,118.3165895
24.4749889,118.316531
24.4749404,118.3164874
24.4540164,118.3611685
24.4541496,118.361941
24.4457167,118.3601943
24.4457161,118.3603165
24.445749,118.3606191
24.4357045,118.2366004
24.4352611,118.2369149
24.4347566,118.2372727
24.4341255,118.2377366
24.4341013,118.2378222
24.4341079,118.2379013
24.4341397,118.2379737
24.4341685,118.2380497
24.4344568,118.238893
24.4521236,118.3057871
24.4521843,118.3062809
24.4521827,118.305987
24.4521778,118.3059478
24.4521704,118.3059247
24.4521456,118.3058646
24.4521307,118.3058259
24.4521213,118.3058355
24.4521149,118.3058821
24.4521109,118.3059194
24.4521029,118.3059811
24.4521015,118.3060151
24.4521857,118.3079226
24.4521965,118.3078837
24.4522044,118.3078456
24.4522099,118.3078116
24.4522074,118.3077605
24.4522065,118.3077228
24.452423,118.3077379
24.4523362,118.3078173
24.4522661,118.3078755
24.4521857,118.3079226
24.4521167,118.3079408
24.4521383,118.3078468
24.4521472,118.3078727
24.4521619,118.3078948
24.4271933,118.2588541
24.4284979,118.2588725
24.4288221,118.2588831
24.4294446,118.2589127
24.4298385,118.2588677
24.4299673,118.258843
24.4301158,118.2588321
24.4033112,118.3188235
24.4034398,118.3187792
24.404363,118.3182451
